
{"users":[{"authUserId":1000,"token":"1000-g5fo7nu0","nameFirst":"John","nameLast":"Doe","email":"jackvanroy@unsw.edu.au","password":"fc8be3e425e3e21a28d7ccde2ec64c2356978a33458d920698cc5ac3c93ff343"},{"authUserId":1001,"token":"1001-tgva3h10","nameFirst":"John","nameLast":"Doe","email":"jackvaroy@unsw.edu.au","password":"fc8be3e425e3e21a28d7ccde2ec64c2356978a33458d920698cc5ac3c93ff343"},{"authUserId":1002,"token":"1002-f2nrwkco","nameFirst":"John","nameLast":"Doe","email":"jackvar2oy@unsw.edu.au","password":"fc8be3e425e3e21a28d7ccde2ec64c2356978a33458d920698cc5ac3c93ff343"}]}
